<?xml version='1.0' encoding='UTF-8'?>
<image h="160" w="154"><stack><layer composite-op="svg:src-over" name="帧 11 (90ms) (replace)" opacity="1.0" src="data/000.png" visibility="visible" x="7" y="10" /><layer composite-op="svg:src-over" name="帧 10 (90ms) (replace)" opacity="1.0" src="data/001.png" visibility="visible" x="0" y="28" /><layer composite-op="svg:src-over" name="帧 9 (90ms) (replace)" opacity="1.0" src="data/002.png" visibility="visible" x="0" y="34" /><layer composite-op="svg:src-over" name="帧 8 (90ms) (replace)" opacity="1.0" src="data/003.png" visibility="visible" x="6" y="17" /><layer composite-op="svg:src-over" name="帧 7 (90ms) (replace)" opacity="1.0" src="data/004.png" visibility="visible" x="12" y="0" /><layer composite-op="svg:src-over" name="帧 6 (90ms) (replace)" opacity="1.0" src="data/005.png" visibility="visible" x="10" y="5" /><layer composite-op="svg:src-over" name="帧 5 (90ms) (replace)" opacity="1.0" src="data/006.png" visibility="visible" x="7" y="20" /><layer composite-op="svg:src-over" name="帧 4 (90ms) (replace)" opacity="1.0" src="data/007.png" visibility="visible" x="6" y="27" /><layer composite-op="svg:src-over" name="帧 3 (90ms) (replace)" opacity="1.0" src="data/008.png" visibility="visible" x="0" y="28" /><layer composite-op="svg:src-over" name="帧 2 (90ms) (replace)" opacity="1.0" src="data/009.png" visibility="visible" x="9" y="3" /><layer composite-op="svg:src-over" name="背景 (90ms)" opacity="1.0" src="data/010.png" visibility="visible" x="10" y="4" /></stack></image>