<?xml version='1.0' encoding='UTF-8'?>
<image h="118" w="72"><stack><layer composite-op="svg:src-over" name="帧 12 (500ms) (replace)" opacity="1.0" src="data/000.png" visibility="visible" x="0" y="18" /><layer composite-op="svg:src-over" name="帧 11 (100ms) (replace)" opacity="1.0" src="data/001.png" visibility="visible" x="5" y="14" /><layer composite-op="svg:src-over" name="帧 10 (100ms) (replace)" opacity="1.0" src="data/002.png" visibility="visible" x="6" y="22" /><layer composite-op="svg:src-over" name="帧 9 (100ms) (replace)" opacity="1.0" src="data/003.png" visibility="visible" x="6" y="22" /><layer composite-op="svg:src-over" name="帧 8 (100ms) (replace)" opacity="1.0" src="data/004.png" visibility="visible" x="6" y="6" /><layer composite-op="svg:src-over" name="帧 7 (100ms) (replace)" opacity="1.0" src="data/005.png" visibility="visible" x="6" y="6" /><layer composite-op="svg:src-over" name="帧 6 (100ms) (replace)" opacity="1.0" src="data/006.png" visibility="visible" x="5" y="0" /><layer composite-op="svg:src-over" name="帧 5 (100ms) (replace)" opacity="1.0" src="data/007.png" visibility="visible" x="5" y="0" /><layer composite-op="svg:src-over" name="帧 4 (100ms) (replace)" opacity="1.0" src="data/008.png" visibility="visible" x="6" y="2" /><layer composite-op="svg:src-over" name="帧 3 (100ms) (replace)" opacity="1.0" src="data/009.png" visibility="visible" x="6" y="2" /><layer composite-op="svg:src-over" name="帧 2 (500ms) (replace)" opacity="1.0" src="data/010.png" visibility="visible" x="6" y="1" /><layer composite-op="svg:src-over" name="背景 (100ms)" opacity="1.0" src="data/011.png" visibility="visible" x="6" y="2" /></stack></image>