<?xml version='1.0' encoding='UTF-8'?>
<image h="203" w="149"><stack><layer composite-op="svg:src-over" name="帧 19 (200ms) (replace)" opacity="1.0" src="data/000.png" visibility="visible" x="46" y="101" /><layer composite-op="svg:src-over" name="帧 18 (60ms) (replace)" opacity="1.0" src="data/001.png" visibility="visible" x="46" y="101" /><layer composite-op="svg:src-over" name="帧 17 (60ms) (replace)" opacity="1.0" src="data/002.png" visibility="visible" x="43" y="0" /><layer composite-op="svg:src-over" name="帧 16 (60ms) (replace)" opacity="1.0" src="data/003.png" visibility="visible" x="40" y="1" /><layer composite-op="svg:src-over" name="帧 15 (60ms) (replace)" opacity="1.0" src="data/004.png" visibility="visible" x="38" y="3" /><layer composite-op="svg:src-over" name="帧 14 (60ms) (replace)" opacity="1.0" src="data/005.png" visibility="visible" x="39" y="6" /><layer composite-op="svg:src-over" name="帧 13 (60ms) (replace)" opacity="1.0" src="data/006.png" visibility="visible" x="39" y="6" /><layer composite-op="svg:src-over" name="帧 12 (60ms) (replace)" opacity="1.0" src="data/007.png" visibility="visible" x="41" y="10" /><layer composite-op="svg:src-over" name="帧 11 (60ms) (replace)" opacity="1.0" src="data/008.png" visibility="visible" x="42" y="17" /><layer composite-op="svg:src-over" name="帧 10 (60ms) (replace)" opacity="1.0" src="data/009.png" visibility="visible" x="45" y="51" /><layer composite-op="svg:src-over" name="帧 9 (60ms) (replace)" opacity="1.0" src="data/010.png" visibility="visible" x="43" y="48" /><layer composite-op="svg:src-over" name="帧 8 (60ms) (replace)" opacity="1.0" src="data/011.png" visibility="visible" x="34" y="55" /><layer composite-op="svg:src-over" name="帧 7 (60ms) (replace)" opacity="1.0" src="data/012.png" visibility="visible" x="33" y="53" /><layer composite-op="svg:src-over" name="帧 6 (60ms) (replace)" opacity="1.0" src="data/013.png" visibility="visible" x="32" y="61" /><layer composite-op="svg:src-over" name="帧 5 (60ms) (replace)" opacity="1.0" src="data/014.png" visibility="visible" x="16" y="96" /><layer composite-op="svg:src-over" name="帧 4 (60ms) (replace)" opacity="1.0" src="data/015.png" visibility="visible" x="17" y="128" /><layer composite-op="svg:src-over" name="帧 3 (60ms) (replace)" opacity="1.0" src="data/016.png" visibility="visible" x="16" y="126" /><layer composite-op="svg:src-over" name="帧 2 (60ms) (replace)" opacity="1.0" src="data/017.png" visibility="visible" x="0" y="109" /><layer composite-op="svg:src-over" name="背景 (60ms)" opacity="1.0" src="data/018.png" visibility="visible" x="3" y="108" /></stack></image>