<?xml version='1.0' encoding='UTF-8'?>
<image h="209" w="195"><stack><layer composite-op="svg:src-over" name="帧 30 (300ms) (replace)" opacity="1.0" src="data/000.png" visibility="visible" x="0" y="172" /><layer composite-op="svg:src-over" name="帧 29 (60ms) (replace)" opacity="1.0" src="data/001.png" visibility="visible" x="3" y="146" /><layer composite-op="svg:src-over" name="帧 28 (60ms) (replace)" opacity="1.0" src="data/002.png" visibility="visible" x="7" y="143" /><layer composite-op="svg:src-over" name="帧 27 (60ms) (replace)" opacity="1.0" src="data/003.png" visibility="visible" x="11" y="143" /><layer composite-op="svg:src-over" name="帧 26 (60ms) (replace)" opacity="1.0" src="data/004.png" visibility="visible" x="15" y="143" /><layer composite-op="svg:src-over" name="帧 25 (60ms) (replace)" opacity="1.0" src="data/005.png" visibility="visible" x="19" y="147" /><layer composite-op="svg:src-over" name="帧 24 (60ms) (replace)" opacity="1.0" src="data/006.png" visibility="visible" x="28" y="156" /><layer composite-op="svg:src-over" name="帧 23 (60ms) (replace)" opacity="1.0" src="data/007.png" visibility="visible" x="30" y="89" /><layer composite-op="svg:src-over" name="帧 22 (60ms) (replace)" opacity="1.0" src="data/008.png" visibility="visible" x="34" y="70" /><layer composite-op="svg:src-over" name="帧 21 (60ms) (replace)" opacity="1.0" src="data/009.png" visibility="visible" x="38" y="53" /><layer composite-op="svg:src-over" name="帧 20 (60ms) (replace)" opacity="1.0" src="data/010.png" visibility="visible" x="42" y="39" /><layer composite-op="svg:src-over" name="帧 19 (60ms) (replace)" opacity="1.0" src="data/011.png" visibility="visible" x="46" y="25" /><layer composite-op="svg:src-over" name="帧 18 (60ms) (replace)" opacity="1.0" src="data/012.png" visibility="visible" x="50" y="15" /><layer composite-op="svg:src-over" name="帧 17 (60ms) (replace)" opacity="1.0" src="data/013.png" visibility="visible" x="54" y="7" /><layer composite-op="svg:src-over" name="帧 16 (60ms) (replace)" opacity="1.0" src="data/014.png" visibility="visible" x="58" y="1" /><layer composite-op="svg:src-over" name="帧 15 (60ms) (replace)" opacity="1.0" src="data/015.png" visibility="visible" x="62" y="7" /><layer composite-op="svg:src-over" name="帧 14 (60ms) (replace)" opacity="1.0" src="data/016.png" visibility="visible" x="66" y="5" /><layer composite-op="svg:src-over" name="帧 13 (60ms) (replace)" opacity="1.0" src="data/017.png" visibility="visible" x="72" y="6" /><layer composite-op="svg:src-over" name="帧 12 (60ms) (replace)" opacity="1.0" src="data/018.png" visibility="visible" x="76" y="7" /><layer composite-op="svg:src-over" name="帧 11 (60ms) (replace)" opacity="1.0" src="data/019.png" visibility="visible" x="80" y="8" /><layer composite-op="svg:src-over" name="帧 10 (60ms) (replace)" opacity="1.0" src="data/020.png" visibility="visible" x="96" y="0" /><layer composite-op="svg:src-over" name="帧 9 (60ms) (replace)" opacity="1.0" src="data/021.png" visibility="visible" x="100" y="2" /><layer composite-op="svg:src-over" name="帧 8 (60ms) (replace)" opacity="1.0" src="data/022.png" visibility="visible" x="111" y="15" /><layer composite-op="svg:src-over" name="帧 7 (60ms) (replace)" opacity="1.0" src="data/023.png" visibility="visible" x="115" y="23" /><layer composite-op="svg:src-over" name="帧 6 (60ms) (replace)" opacity="1.0" src="data/024.png" visibility="visible" x="123" y="45" /><layer composite-op="svg:src-over" name="帧 5 (60ms) (replace)" opacity="1.0" src="data/025.png" visibility="visible" x="127" y="60" /><layer composite-op="svg:src-over" name="帧 4 (60ms) (replace)" opacity="1.0" src="data/026.png" visibility="visible" x="118" y="89" /><layer composite-op="svg:src-over" name="帧 3 (60ms) (replace)" opacity="1.0" src="data/027.png" visibility="visible" x="123" y="117" /><layer composite-op="svg:src-over" name="帧 2 (60ms) (replace)" opacity="1.0" src="data/028.png" visibility="visible" x="122" y="117" /><layer composite-op="svg:src-over" name="背景 (60ms)" opacity="1.0" src="data/029.png" visibility="visible" x="123" y="117" /></stack></image>