<?xml version='1.0' encoding='UTF-8'?>
<image h="90" w="123"><stack><layer composite-op="svg:src-over" name="帧 8 (70ms) (replace)" opacity="1.0" src="data/000.png" visibility="visible" x="2" y="0" /><layer composite-op="svg:src-over" name="帧 7 (70ms) (replace)" opacity="1.0" src="data/001.png" visibility="visible" x="10" y="4" /><layer composite-op="svg:src-over" name="帧 6 (70ms) (replace)" opacity="1.0" src="data/002.png" visibility="visible" x="38" y="9" /><layer composite-op="svg:src-over" name="帧 5 (70ms) (replace)" opacity="1.0" src="data/003.png" visibility="visible" x="3" y="5" /><layer composite-op="svg:src-over" name="帧 4 (70ms) (replace)" opacity="1.0" src="data/004.png" visibility="visible" x="0" y="2" /><layer composite-op="svg:src-over" name="帧 3 (70ms) (replace)" opacity="1.0" src="data/005.png" visibility="visible" x="8" y="6" /><layer composite-op="svg:src-over" name="帧 2 (70ms) (replace)" opacity="1.0" src="data/006.png" visibility="visible" x="34" y="10" /><layer composite-op="svg:src-over" name="背景 (70ms)" opacity="1.0" src="data/007.png" visibility="visible" x="3" y="4" /></stack></image>