<?xml version='1.0' encoding='UTF-8'?>
<image h="270" w="195"><stack><layer composite-op="svg:src-over" name="帧 9 (110ms) (replace)" opacity="1.0" src="data/000.png" visibility="visible" x="5" y="1" /><layer composite-op="svg:src-over" name="帧 8 (110ms) (replace)" opacity="1.0" src="data/001.png" visibility="visible" x="5" y="4" /><layer composite-op="svg:src-over" name="帧 7 (110ms) (replace)" opacity="1.0" src="data/002.png" visibility="visible" x="5" y="6" /><layer composite-op="svg:src-over" name="帧 6 (110ms) (replace)" opacity="1.0" src="data/003.png" visibility="visible" x="5" y="7" /><layer composite-op="svg:src-over" name="帧 5 (110ms) (replace)" opacity="1.0" src="data/004.png" visibility="visible" x="5" y="6" /><layer composite-op="svg:src-over" name="帧 4 (110ms) (replace)" opacity="1.0" src="data/005.png" visibility="visible" x="5" y="3" /><layer composite-op="svg:src-over" name="帧 3 (110ms) (replace)" opacity="1.0" src="data/006.png" visibility="visible" x="5" y="1" /><layer composite-op="svg:src-over" name="帧 2 (110ms) (replace)" opacity="1.0" src="data/007.png" visibility="visible" x="5" y="0" /><layer composite-op="svg:src-over" name="背景 (110ms)" opacity="1.0" src="data/008.png" visibility="visible" x="0" y="0" /></stack></image>