<?xml version='1.0' encoding='UTF-8'?>
<image h="190" w="68"><stack><layer composite-op="svg:src-over" name="帧 13 (60ms) (replace)" opacity="1.0" src="data/000.png" visibility="visible" x="0" y="102" /><layer composite-op="svg:src-over" name="帧 12 (60ms) (replace)" opacity="1.0" src="data/001.png" visibility="visible" x="16" y="53" /><layer composite-op="svg:src-over" name="帧 11 (60ms) (replace)" opacity="1.0" src="data/002.png" visibility="visible" x="16" y="39" /><layer composite-op="svg:src-over" name="帧 10 (60ms) (replace)" opacity="1.0" src="data/003.png" visibility="visible" x="8" y="47" /><layer composite-op="svg:src-over" name="帧 9 (60ms) (replace)" opacity="1.0" src="data/004.png" visibility="visible" x="8" y="36" /><layer composite-op="svg:src-over" name="帧 8 (60ms) (replace)" opacity="1.0" src="data/005.png" visibility="visible" x="12" y="25" /><layer composite-op="svg:src-over" name="帧 7 (60ms) (replace)" opacity="1.0" src="data/006.png" visibility="visible" x="8" y="17" /><layer composite-op="svg:src-over" name="帧 6 (60ms) (replace)" opacity="1.0" src="data/007.png" visibility="visible" x="8" y="13" /><layer composite-op="svg:src-over" name="帧 5 (60ms) (replace)" opacity="1.0" src="data/008.png" visibility="visible" x="16" y="0" /><layer composite-op="svg:src-over" name="帧 4 (60ms) (replace)" opacity="1.0" src="data/009.png" visibility="visible" x="15" y="2" /><layer composite-op="svg:src-over" name="帧 3 (60ms) (replace)" opacity="1.0" src="data/010.png" visibility="visible" x="15" y="12" /><layer composite-op="svg:src-over" name="帧 2 (60ms) (replace)" opacity="1.0" src="data/011.png" visibility="visible" x="15" y="25" /><layer composite-op="svg:src-over" name="背景 (60ms)" opacity="1.0" src="data/012.png" visibility="visible" x="0" y="102" /></stack></image>