<?xml version='1.0' encoding='UTF-8'?>
<image h="102" w="74"><stack><layer composite-op="svg:src-over" name="帧 9 (80ms) (replace)" opacity="1.0" src="data/000.png" visibility="visible" x="0" y="2" /><layer composite-op="svg:src-over" name="帧 8 (80ms) (replace)" opacity="1.0" src="data/001.png" visibility="visible" x="0" y="3" /><layer composite-op="svg:src-over" name="帧 7 (80ms) (replace)" opacity="1.0" src="data/002.png" visibility="visible" x="0" y="3" /><layer composite-op="svg:src-over" name="帧 6 (80ms) (replace)" opacity="1.0" src="data/003.png" visibility="visible" x="0" y="2" /><layer composite-op="svg:src-over" name="帧 5 (80ms) (replace)" opacity="1.0" src="data/004.png" visibility="visible" x="0" y="1" /><layer composite-op="svg:src-over" name="帧 4 (80ms) (replace)" opacity="1.0" src="data/005.png" visibility="visible" x="0" y="0" /><layer composite-op="svg:src-over" name="帧 3 (80ms) (replace)" opacity="1.0" src="data/006.png" visibility="visible" x="0" y="0" /><layer composite-op="svg:src-over" name="帧 2 (80ms) (replace)" opacity="1.0" src="data/007.png" visibility="visible" x="0" y="0" /><layer composite-op="svg:src-over" name="背景 (80ms)" opacity="1.0" src="data/008.png" visibility="visible" x="0" y="1" /></stack></image>