<?xml version='1.0' encoding='UTF-8'?>
<image h="171" w="188"><stack><layer composite-op="svg:src-over" name="帧 6 (120ms) (replace)" opacity="1.0" src="data/000.png" visibility="visible" x="0" y="0" /><layer composite-op="svg:src-over" name="帧 5 (120ms) (replace)" opacity="1.0" src="data/001.png" visibility="visible" x="0" y="0" /><layer composite-op="svg:src-over" name="帧 4 (120ms) (replace)" opacity="1.0" src="data/002.png" visibility="visible" x="0" y="0" /><layer composite-op="svg:src-over" name="帧 3 (120ms) (replace)" opacity="1.0" src="data/003.png" visibility="visible" x="0" y="0" /><layer composite-op="svg:src-over" name="帧 2 (120ms) (replace)" opacity="1.0" src="data/004.png" visibility="visible" x="0" y="0" /><layer composite-op="svg:src-over" name="背景 (120ms)" opacity="1.0" src="data/005.png" visibility="visible" x="0" y="0" /></stack></image>