<?xml version='1.0' encoding='UTF-8'?>
<image h="209" w="302"><stack><layer composite-op="svg:src-over" name="帧 60 (60ms) (replace)" opacity="1.0" src="data/000.png" visibility="visible" x="22" y="100" /><layer composite-op="svg:src-over" name="帧 59 (60ms) (replace)" opacity="1.0" src="data/001.png" visibility="visible" x="22" y="102" /><layer composite-op="svg:src-over" name="帧 58 (60ms) (replace)" opacity="1.0" src="data/002.png" visibility="visible" x="22" y="102" /><layer composite-op="svg:src-over" name="帧 57 (60ms) (replace)" opacity="1.0" src="data/003.png" visibility="visible" x="22" y="102" /><layer composite-op="svg:src-over" name="帧 56 (60ms) (replace)" opacity="1.0" src="data/004.png" visibility="visible" x="22" y="5" /><layer composite-op="svg:src-over" name="帧 55 (60ms) (replace)" opacity="1.0" src="data/005.png" visibility="visible" x="22" y="0" /><layer composite-op="svg:src-over" name="帧 54 (60ms) (replace)" opacity="1.0" src="data/006.png" visibility="visible" x="22" y="0" /><layer composite-op="svg:src-over" name="帧 53 (60ms) (replace)" opacity="1.0" src="data/007.png" visibility="visible" x="22" y="0" /><layer composite-op="svg:src-over" name="帧 52 (60ms) (replace)" opacity="1.0" src="data/008.png" visibility="visible" x="22" y="0" /><layer composite-op="svg:src-over" name="帧 51 (60ms) (replace)" opacity="1.0" src="data/009.png" visibility="visible" x="22" y="0" /><layer composite-op="svg:src-over" name="帧 50 (60ms) (replace)" opacity="1.0" src="data/010.png" visibility="visible" x="22" y="0" /><layer composite-op="svg:src-over" name="帧 49 (60ms) (replace)" opacity="1.0" src="data/011.png" visibility="visible" x="22" y="0" /><layer composite-op="svg:src-over" name="帧 48 (60ms) (replace)" opacity="1.0" src="data/012.png" visibility="visible" x="22" y="0" /><layer composite-op="svg:src-over" name="帧 47 (60ms) (replace)" opacity="1.0" src="data/013.png" visibility="visible" x="22" y="0" /><layer composite-op="svg:src-over" name="帧 46 (60ms) (replace)" opacity="1.0" src="data/014.png" visibility="visible" x="22" y="0" /><layer composite-op="svg:src-over" name="帧 45 (60ms) (replace)" opacity="1.0" src="data/015.png" visibility="visible" x="22" y="0" /><layer composite-op="svg:src-over" name="帧 44 (60ms) (replace)" opacity="1.0" src="data/016.png" visibility="visible" x="22" y="0" /><layer composite-op="svg:src-over" name="帧 43 (60ms) (replace)" opacity="1.0" src="data/017.png" visibility="visible" x="22" y="0" /><layer composite-op="svg:src-over" name="帧 42 (60ms) (replace)" opacity="1.0" src="data/018.png" visibility="visible" x="22" y="0" /><layer composite-op="svg:src-over" name="帧 41 (60ms) (replace)" opacity="1.0" src="data/019.png" visibility="visible" x="22" y="0" /><layer composite-op="svg:src-over" name="帧 40 (60ms) (replace)" opacity="1.0" src="data/020.png" visibility="visible" x="22" y="0" /><layer composite-op="svg:src-over" name="帧 39 (60ms) (replace)" opacity="1.0" src="data/021.png" visibility="visible" x="27" y="0" /><layer composite-op="svg:src-over" name="帧 38 (60ms) (replace)" opacity="1.0" src="data/022.png" visibility="visible" x="27" y="0" /><layer composite-op="svg:src-over" name="帧 37 (60ms) (replace)" opacity="1.0" src="data/023.png" visibility="visible" x="29" y="0" /><layer composite-op="svg:src-over" name="帧 36 (60ms) (replace)" opacity="1.0" src="data/024.png" visibility="visible" x="29" y="0" /><layer composite-op="svg:src-over" name="帧 35 (60ms) (replace)" opacity="1.0" src="data/025.png" visibility="visible" x="29" y="0" /><layer composite-op="svg:src-over" name="帧 34 (60ms) (replace)" opacity="1.0" src="data/026.png" visibility="visible" x="29" y="0" /><layer composite-op="svg:src-over" name="帧 33 (60ms) (replace)" opacity="1.0" src="data/027.png" visibility="visible" x="29" y="0" /><layer composite-op="svg:src-over" name="帧 32 (60ms) (replace)" opacity="1.0" src="data/028.png" visibility="visible" x="29" y="0" /><layer composite-op="svg:src-over" name="帧 31 (60ms) (replace)" opacity="1.0" src="data/029.png" visibility="visible" x="29" y="0" /><layer composite-op="svg:src-over" name="帧 30 (60ms) (replace)" opacity="1.0" src="data/030.png" visibility="visible" x="29" y="0" /><layer composite-op="svg:src-over" name="帧 29 (60ms) (replace)" opacity="1.0" src="data/031.png" visibility="visible" x="29" y="0" /><layer composite-op="svg:src-over" name="帧 28 (60ms) (replace)" opacity="1.0" src="data/032.png" visibility="visible" x="29" y="0" /><layer composite-op="svg:src-over" name="帧 27 (60ms) (replace)" opacity="1.0" src="data/033.png" visibility="visible" x="20" y="0" /><layer composite-op="svg:src-over" name="帧 26 (60ms) (replace)" opacity="1.0" src="data/034.png" visibility="visible" x="20" y="0" /><layer composite-op="svg:src-over" name="帧 25 (60ms) (replace)" opacity="1.0" src="data/035.png" visibility="visible" x="19" y="0" /><layer composite-op="svg:src-over" name="帧 24 (60ms) (replace)" opacity="1.0" src="data/036.png" visibility="visible" x="19" y="97" /><layer composite-op="svg:src-over" name="帧 23 (60ms) (replace)" opacity="1.0" src="data/037.png" visibility="visible" x="23" y="94" /><layer composite-op="svg:src-over" name="帧 22 (60ms) (replace)" opacity="1.0" src="data/038.png" visibility="visible" x="35" y="94" /><layer composite-op="svg:src-over" name="帧 21 (60ms) (replace)" opacity="1.0" src="data/039.png" visibility="visible" x="28" y="94" /><layer composite-op="svg:src-over" name="帧 20 (60ms) (replace)" opacity="1.0" src="data/040.png" visibility="visible" x="36" y="73" /><layer composite-op="svg:src-over" name="帧 19 (60ms) (replace)" opacity="1.0" src="data/041.png" visibility="visible" x="36" y="72" /><layer composite-op="svg:src-over" name="帧 18 (60ms) (replace)" opacity="1.0" src="data/042.png" visibility="visible" x="36" y="72" /><layer composite-op="svg:src-over" name="帧 17 (60ms) (replace)" opacity="1.0" src="data/043.png" visibility="visible" x="36" y="73" /><layer composite-op="svg:src-over" name="帧 16 (60ms) (replace)" opacity="1.0" src="data/044.png" visibility="visible" x="36" y="73" /><layer composite-op="svg:src-over" name="帧 15 (60ms) (replace)" opacity="1.0" src="data/045.png" visibility="visible" x="36" y="77" /><layer composite-op="svg:src-over" name="帧 14 (60ms) (replace)" opacity="1.0" src="data/046.png" visibility="visible" x="0" y="32" /><layer composite-op="svg:src-over" name="帧 13 (60ms) (replace)" opacity="1.0" src="data/047.png" visibility="visible" x="0" y="32" /><layer composite-op="svg:src-over" name="帧 12 (60ms) (replace)" opacity="1.0" src="data/048.png" visibility="visible" x="0" y="35" /><layer composite-op="svg:src-over" name="帧 11 (60ms) (replace)" opacity="1.0" src="data/049.png" visibility="visible" x="0" y="41" /><layer composite-op="svg:src-over" name="帧 10 (60ms) (replace)" opacity="1.0" src="data/050.png" visibility="visible" x="7" y="60" /><layer composite-op="svg:src-over" name="帧 9 (60ms) (replace)" opacity="1.0" src="data/051.png" visibility="visible" x="39" y="84" /><layer composite-op="svg:src-over" name="帧 8 (60ms) (replace)" opacity="1.0" src="data/052.png" visibility="visible" x="39" y="84" /><layer composite-op="svg:src-over" name="帧 7 (60ms) (replace)" opacity="1.0" src="data/053.png" visibility="visible" x="36" y="84" /><layer composite-op="svg:src-over" name="帧 6 (60ms) (replace)" opacity="1.0" src="data/054.png" visibility="visible" x="29" y="84" /><layer composite-op="svg:src-over" name="帧 5 (60ms) (replace)" opacity="1.0" src="data/055.png" visibility="visible" x="39" y="84" /><layer composite-op="svg:src-over" name="帧 4 (60ms) (replace)" opacity="1.0" src="data/056.png" visibility="visible" x="39" y="84" /><layer composite-op="svg:src-over" name="帧 3 (60ms) (replace)" opacity="1.0" src="data/057.png" visibility="visible" x="39" y="84" /><layer composite-op="svg:src-over" name="帧 2 (60ms) (replace)" opacity="1.0" src="data/058.png" visibility="visible" x="39" y="84" /><layer composite-op="svg:src-over" name="背景 (60ms)" opacity="1.0" src="data/059.png" visibility="visible" x="35" y="99" /></stack></image>