<?xml version='1.0' encoding='UTF-8'?>
<image h="136" w="112"><stack><layer composite-op="svg:src-over" name="帧 27 (200ms) (replace)" opacity="1.0" src="data/000.png" visibility="visible" x="13" y="36" /><layer composite-op="svg:src-over" name="帧 26 (70ms) (replace)" opacity="1.0" src="data/001.png" visibility="visible" x="20" y="26" /><layer composite-op="svg:src-over" name="帧 25 (80ms) (replace)" opacity="1.0" src="data/002.png" visibility="visible" x="10" y="11" /><layer composite-op="svg:src-over" name="帧 24 (60ms) (replace)" opacity="1.0" src="data/003.png" visibility="visible" x="17" y="1" /><layer composite-op="svg:src-over" name="帧 23 (150ms) (replace)" opacity="1.0" src="data/004.png" visibility="visible" x="17" y="0" /><layer composite-op="svg:src-over" name="帧 22 (70ms) (replace)" opacity="1.0" src="data/005.png" visibility="visible" x="16" y="0" /><layer composite-op="svg:src-over" name="帧 21 (60ms) (replace)" opacity="1.0" src="data/006.png" visibility="visible" x="17" y="0" /><layer composite-op="svg:src-over" name="帧 20 (60ms) (replace)" opacity="1.0" src="data/007.png" visibility="visible" x="17" y="1" /><layer composite-op="svg:src-over" name="帧 19 (60ms) (replace)" opacity="1.0" src="data/008.png" visibility="visible" x="10" y="11" /><layer composite-op="svg:src-over" name="帧 18 (200ms) (replace)" opacity="1.0" src="data/009.png" visibility="visible" x="13" y="36" /><layer composite-op="svg:src-over" name="帧 17 (80ms) (replace)" opacity="1.0" src="data/010.png" visibility="visible" x="19" y="34" /><layer composite-op="svg:src-over" name="帧 16 (80ms) (replace)" opacity="1.0" src="data/011.png" visibility="visible" x="21" y="35" /><layer composite-op="svg:src-over" name="帧 15 (100ms) (replace)" opacity="1.0" src="data/012.png" visibility="visible" x="22" y="3" /><layer composite-op="svg:src-over" name="帧 14 (80ms) (replace)" opacity="1.0" src="data/013.png" visibility="visible" x="21" y="30" /><layer composite-op="svg:src-over" name="帧 13 (80ms) (replace)" opacity="1.0" src="data/014.png" visibility="visible" x="21" y="31" /><layer composite-op="svg:src-over" name="帧 12 (60ms) (replace)" opacity="1.0" src="data/015.png" visibility="visible" x="20" y="39" /><layer composite-op="svg:src-over" name="帧 11 (200ms) (replace)" opacity="1.0" src="data/016.png" visibility="visible" x="13" y="36" /><layer composite-op="svg:src-over" name="帧 10 (70ms) (replace)" opacity="1.0" src="data/017.png" visibility="visible" x="18" y="45" /><layer composite-op="svg:src-over" name="帧 9 (80ms) (replace)" opacity="1.0" src="data/018.png" visibility="visible" x="16" y="59" /><layer composite-op="svg:src-over" name="帧 8 (80ms) (replace)" opacity="1.0" src="data/019.png" visibility="visible" x="0" y="61" /><layer composite-op="svg:src-over" name="帧 7 (60ms) (replace)" opacity="1.0" src="data/020.png" visibility="visible" x="1" y="62" /><layer composite-op="svg:src-over" name="帧 6 (80ms) (replace)" opacity="1.0" src="data/021.png" visibility="visible" x="18" y="45" /><layer composite-op="svg:src-over" name="帧 5 (200ms) (replace)" opacity="1.0" src="data/022.png" visibility="visible" x="13" y="36" /><layer composite-op="svg:src-over" name="帧 4 (60ms) (replace)" opacity="1.0" src="data/023.png" visibility="visible" x="18" y="38" /><layer composite-op="svg:src-over" name="帧 3 (100ms) (replace)" opacity="1.0" src="data/024.png" visibility="visible" x="17" y="36" /><layer composite-op="svg:src-over" name="帧 2 (60ms) (replace)" opacity="1.0" src="data/025.png" visibility="visible" x="17" y="37" /><layer composite-op="svg:src-over" name="背景 (80ms)" opacity="1.0" src="data/026.png" visibility="visible" x="18" y="38" /></stack></image>